 ,Area,Min,Max,X,Y,Major,Minor,Angle,IntDen,RawIntDen,Ch,Slice
1,0.138,3042,9738,1.371,0.328,0.437,0.401,175.903,846.248,2115620.000,1,1
2,0.052,3273,6633,2.454,0.239,0.314,0.212,0.997,260.418,651046.000,1,1
3,0.252,3594,14679,1.723,0.884,0.614,0.522,87.198,1947.311,4868278.000,1,1
4,0.206,3771,10662,4.656,1.165,0.558,0.469,89.836,1345.955,3364888.000,1,1
5,0.262,3785,14312,0.851,2.955,0.643,0.519,82.531,2004.767,5011918.000,1,1
6,0.241,3681,13235,6.606,3.140,0.612,0.502,84.749,1762.224,4405561.000,1,1
7,0.251,3807,14058,5.421,4.064,0.635,0.504,91.416,1916.696,4791740.000,1,1
8,0.224,3732,11704,3.099,4.382,0.584,0.488,90.169,1538.797,3846992.000,1,1
9,0.239,3771,12792,3.018,6.558,0.617,0.493,89.337,1738.024,4345061.000,1,1
10,0.250,3634,13082,4.472,7.718,0.624,0.511,88.103,1833.588,4583970.000,1,1
11,0.248,3744,12767,1.778,8.233,0.632,0.500,88.729,1794.872,4487181.000,1,1
12,0.052,222,571,1.294,0.242,0.298,0.222,1.180,20.246,50616.000,2,1
13,0.144,221,1071,1.639,0.805,0.445,0.411,7.470,81.310,203275.000,2,1
14,0.139,227,1053,4.586,1.082,0.430,0.411,165.329,77.413,193533.000,2,1
15,0.132,240,889,0.766,2.890,0.433,0.388,10.126,68.448,171120.000,2,1
16,0.134,216,1022,6.540,3.068,0.423,0.404,52.401,74.024,185060.000,2,1
17,0.136,210,1006,5.345,3.985,0.427,0.407,154.937,74.350,185874.000,2,1
18,0.143,231,1090,3.020,4.313,0.441,0.412,117.245,81.392,203480.000,2,1
19,0.142,232,1023,2.942,6.489,0.437,0.415,121.031,78.426,196064.000,2,1
20,0.134,237,1002,4.396,7.655,0.422,0.403,2.626,73.129,182822.000,2,1
21,0.138,227,938,1.692,8.178,0.428,0.411,17.920,73.045,182612.000,2,1
22,0.029,573,1323,1.329,0.233,0.229,0.162,177.664,28.138,70346.000,3,1
23,0.108,615,3087,1.689,0.806,0.392,0.352,75.721,169.002,422504.000,3,1
24,0.105,538,2967,4.631,1.084,0.377,0.355,95.127,160.792,401981.000,3,1
25,0.108,554,2911,0.804,2.882,0.377,0.366,150.870,165.347,413367.000,3,1
26,0.094,595,2590,6.580,3.082,0.369,0.325,70.611,131.836,329589.000,3,1
27,0.103,639,2753,5.393,4.009,0.391,0.336,106.500,149.294,373235.000,3,1
28,0.116,576,3222,3.063,4.320,0.411,0.359,91.405,185.134,462835.000,3,1
29,0.101,655,2626,2.982,6.489,0.377,0.341,92.086,144.762,361905.000,3,1
30,0.096,594,2476,4.427,7.660,0.367,0.335,97.535,132.769,331923.000,3,1
31,0.091,590,2230,1.729,8.181,0.342,0.338,144.455,118.590,296474.000,3,1
32,0.066,3798,8981,2.473,0.251,0.343,0.246,177.550,414.677,1036692.000,1,2
33,0.122,3855,10758,1.383,0.336,0.422,0.368,157.243,865.046,2162616.000,1,2
34,0.211,3444,15144,1.723,0.937,0.567,0.474,108.116,1882.319,4705797.000,1,2
35,0.150,3579,10582,4.664,1.211,0.476,0.401,106.122,1058.669,2646672.000,1,2
36,0.218,3444,15145,0.861,3.006,0.569,0.489,102.018,1952.951,4882378.000,1,2
37,0.195,3501,14237,6.615,3.189,0.549,0.453,99.676,1596.937,3992342.000,1,2
38,0.209,3531,15144,5.430,4.108,0.569,0.468,107.801,1872.483,4681207.000,1,2
39,0.173,3674,12257,3.108,4.423,0.512,0.430,103.087,1320.426,3301065.000,1,2
40,0.196,3839,13915,3.013,6.618,0.554,0.451,109.632,1600.066,4000164.000,1,2
41,0.198,4205,14200,4.467,7.759,0.560,0.450,106.326,1640.706,4101764.000,1,2
42,0.201,3794,14320,1.773,8.277,0.553,0.463,106.245,1666.378,4165946.000,1,2
43,0.067,209,715,1.302,0.255,0.340,0.250,177.728,29.155,72887.000,2,2
44,0.144,204,1083,1.650,0.842,0.438,0.419,179.929,82.154,205384.000,2,2
45,0.136,208,1057,4.599,1.123,0.422,0.412,95.758,76.395,190988.000,2,2
46,0.129,210,921,0.782,2.935,0.434,0.379,14.052,67.722,169304.000,2,2
47,0.133,205,1017,6.561,3.111,0.422,0.400,27.136,73.212,183030.000,2,2
48,0.132,204,1004,5.370,4.025,0.431,0.390,161.495,71.949,179872.000,2,2
49,0.141,165,1102,3.037,4.346,0.428,0.419,137.839,79.984,199961.000,2,2
50,0.142,225,1070,2.943,6.537,0.447,0.403,112.946,79.223,198057.000,2,2
51,0.136,230,1004,4.407,7.692,0.417,0.414,39.652,73.398,183494.000,2,2
52,0.135,190,968,1.700,8.218,0.423,0.406,33.972,71.430,178574.000,2,2
53,0.042,587,1620,1.339,0.244,0.258,0.207,2.627,46.174,115434.000,3,2
54,0.107,553,3087,1.697,0.846,0.385,0.354,75.524,167.719,419297.000,3,2
55,0.104,486,3013,4.642,1.125,0.373,0.354,86.242,157.028,392569.000,3,2
56,0.110,477,2968,0.824,2.921,0.378,0.372,109.316,168.312,420781.000,3,2
57,0.096,442,2587,6.599,3.121,0.376,0.324,76.960,132.936,332341.000,3,2
58,0.102,506,2776,5.414,4.041,0.383,0.338,105.326,148.034,370085.000,3,2
59,0.113,519,3263,3.081,4.351,0.399,0.362,79.033,183.806,459515.000,3,2
60,0.101,545,2678,2.976,6.541,0.373,0.344,81.245,147.780,369449.000,3,2
61,0.092,632,2518,4.438,7.696,0.354,0.331,89.280,129.459,323647.000,3,2
62,0.088,614,2307,1.730,8.206,0.339,0.332,148.053,116.649,291622.000,3,2
63,0.091,4030,13330,2.469,0.210,0.411,0.281,172.771,755.514,1888786.000,1,3
64,0.131,4500,13581,1.377,0.308,0.442,0.377,155.643,1137.362,2843406.000,1,3
65,0.204,4152,15147,1.717,0.928,0.540,0.482,124.223,2109.029,5272572.000,1,3
66,0.151,4966,13843,4.652,1.216,0.473,0.406,126.230,1331.241,3328102.000,1,3
67,0.215,4326,15146,0.852,3.006,0.557,0.491,127.940,2274.513,5686282.000,1,3
68,0.181,4128,15142,6.604,3.193,0.507,0.455,109.924,1734.491,4336228.000,1,3
69,0.204,4314,15144,5.422,4.112,0.556,0.468,120.805,2108.176,5270440.000,1,3
70,0.169,3946,15142,3.106,4.432,0.494,0.436,130.180,1591.452,3978629.000,1,3
71,0.185,4475,15146,3.032,6.607,0.527,0.447,122.737,1804.008,4510020.000,1,3
72,0.188,4268,15147,4.471,7.752,0.537,0.445,122.535,1846.195,4615488.000,1,3
73,0.195,4445,15146,1.783,8.273,0.531,0.467,125.174,1939.664,4849161.000,1,3
74,0.085,201,830,1.311,0.228,0.393,0.276,179.054,41.020,102549.000,2,3
75,0.006,280,362,2.390,0.150,0.113,0.068,0.000,1.951,4877.000,2,3
76,0.143,210,1089,1.652,0.834,0.438,0.415,15.368,80.731,201827.000,2,3
77,0.137,223,1043,4.601,1.111,0.424,0.412,77.336,75.682,189205.000,2,3
78,0.134,233,915,0.783,2.919,0.427,0.400,23.254,69.233,173082.000,2,3
79,0.138,191,1024,6.561,3.097,0.429,0.408,72.708,75.714,189285.000,2,3
80,0.132,215,998,5.368,4.017,0.429,0.393,166.285,73.234,183086.000,2,3
81,0.138,203,1078,3.045,4.343,0.425,0.413,172.790,78.608,196519.000,2,3
82,0.138,199,1073,2.966,6.520,0.428,0.411,148.856,77.769,194422.000,2,3
83,0.134,231,1006,4.421,7.678,0.415,0.410,32.774,72.781,181952.000,2,3
84,0.134,221,950,1.717,8.191,0.420,0.405,16.551,71.133,177833.000,2,3
85,0.058,581,1986,1.342,0.219,0.293,0.252,2.802,70.952,177379.000,3,3
86,0.108,512,3097,1.702,0.831,0.388,0.355,73.889,167.954,419884.000,3,3
87,0.104,520,3002,4.644,1.119,0.378,0.352,91.558,158.403,396008.000,3,3
88,0.110,576,2958,0.820,2.913,0.385,0.364,121.858,166.529,416323.000,3,3
89,0.096,531,2569,6.600,3.107,0.370,0.331,73.316,136.091,340227.000,3,3
90,0.102,580,2760,5.420,4.038,0.395,0.328,105.166,150.655,376638.000,3,3
91,0.110,480,3210,3.087,4.353,0.398,0.352,83.003,177.172,442929.000,3,3
92,0.103,564,2690,3.008,6.522,0.372,0.352,77.869,148.360,370900.000,3,3
93,0.092,627,2514,4.456,7.685,0.353,0.334,94.420,129.950,324876.000,3,3
94,0.088,662,2262,1.746,8.199,0.337,0.333,130.817,117.178,292945.000,3,3
95,0.090,3784,13887,2.486,0.217,0.414,0.278,175.063,778.848,1947119.000,1,4
96,0.148,4378,15142,1.398,0.318,0.483,0.389,168.421,1400.866,3502166.000,1,4
97,0.222,4296,15147,1.737,0.941,0.550,0.513,141.190,2396.949,5992372.000,1,4
98,0.187,5055,15144,4.664,1.223,0.512,0.466,138.559,1899.164,4747909.000,1,4
99,0.238,4614,15144,0.861,3.037,0.578,0.525,153.403,2646.800,6617000.000,1,4
100,0.190,4298,15144,6.612,3.206,0.508,0.475,136.484,1902.204,4755509.000,1,4
101,0.224,4526,15144,5.431,4.129,0.571,0.499,134.830,2406.730,6016826.000,1,4
102,0.198,4668,15145,3.115,4.451,0.521,0.484,141.695,2050.271,5125678.000,1,4
103,0.204,4730,15146,3.031,6.629,0.538,0.484,136.691,2134.288,5335720.000,1,4
104,0.206,4770,15144,4.482,7.762,0.549,0.478,144.191,2174.124,5435310.000,1,4
105,0.216,4548,15146,1.799,8.283,0.554,0.497,141.556,2317.720,5794300.000,1,4
106,0.078,204,781,1.326,0.231,0.363,0.272,178.130,35.290,88225.000,2,4
107,0.146,218,1085,1.673,0.826,0.436,0.427,117.446,82.850,207126.000,2,4
108,0.138,211,1054,4.622,1.114,0.425,0.413,117.629,77.463,193657.000,2,4
109,0.136,238,928,0.794,2.935,0.429,0.404,24.419,71.713,179283.000,2,4
110,0.142,155,1044,6.576,3.107,0.438,0.414,69.953,78.810,197024.000,2,4
111,0.138,251,1027,5.388,4.026,0.433,0.407,136.995,76.046,190116.000,2,4
112,0.140,229,1095,3.064,4.353,0.425,0.419,122.244,80.162,200405.000,2,4
113,0.139,228,1073,2.974,6.535,0.430,0.411,146.453,78.739,196848.000,2,4
114,0.132,250,989,4.439,7.680,0.414,0.407,153.868,72.416,181039.000,2,4
115,0.135,242,960,1.737,8.192,0.425,0.405,7.178,72.012,180029.000,2,4
116,0.049,590,1790,1.365,0.220,0.290,0.216,179.309,56.168,140421.000,3,4
117,0.110,561,3116,1.719,0.828,0.393,0.355,78.861,171.472,428680.000,3,4
118,0.105,621,2992,4.664,1.112,0.376,0.355,86.913,160.951,402377.000,3,4
119,0.110,585,2954,0.838,2.922,0.382,0.367,108.613,169.616,424040.000,3,4
120,0.094,477,2635,6.617,3.118,0.366,0.327,71.294,135.345,338362.000,3,4
121,0.105,646,2754,5.435,4.048,0.397,0.336,104.932,154.767,386917.000,3,4
122,0.113,585,3245,3.102,4.363,0.398,0.362,82.409,182.916,457291.000,3,4
123,0.103,630,2717,3.011,6.537,0.376,0.348,86.816,150.382,375955.000,3,4
124,0.092,630,2490,4.469,7.687,0.346,0.339,95.074,127.948,319870.000,3,4
125,0.086,684,2253,1.768,8.195,0.340,0.324,171.097,115.598,288995.000,3,4
126,0.108,4044,14899,2.492,0.232,0.473,0.291,178.169,969.317,2423293.000,1,5
127,0.176,4211,15145,1.414,0.332,0.536,0.418,176.258,1737.549,4343873.000,1,5
128,0.242,4694,15146,1.758,0.950,0.580,0.532,172.769,2660.455,6651138.000,1,5
129,0.222,4829,15143,4.684,1.246,0.551,0.514,166.688,2372.973,5932432.000,1,5
130,0.258,4751,15144,0.880,3.055,0.603,0.544,176.098,2869.562,7173905.000,1,5
131,0.209,4770,15142,6.631,3.224,0.538,0.494,174.653,2108.084,5270210.000,1,5
132,0.234,4835,15144,5.455,4.129,0.578,0.516,158.911,2516.892,6292230.000,1,5
133,0.227,4747,15144,3.139,4.444,0.562,0.514,178.301,2423.931,6059827.000,1,5
134,0.232,4947,15145,3.048,6.622,0.562,0.526,155.852,2467.770,6169426.000,1,5
135,0.230,4800,15145,4.500,7.768,0.577,0.509,162.745,2445.277,6113193.000,1,5
136,0.248,4604,15146,1.819,8.286,0.580,0.543,161.185,2683.853,6709632.000,1,5
137,0.080,219,754,1.350,0.242,0.375,0.273,179.078,37.013,92532.000,2,5
138,0.151,204,1105,1.696,0.828,0.448,0.429,78.003,86.237,215593.000,2,5
139,0.142,234,1078,4.641,1.122,0.433,0.417,95.447,81.096,202739.000,2,5
140,0.135,259,960,0.814,2.939,0.432,0.398,21.726,72.296,180741.000,2,5
141,0.139,237,1059,6.593,3.116,0.429,0.412,10.377,77.627,194068.000,2,5
142,0.137,252,1013,5.412,4.015,0.435,0.402,147.021,75.579,188947.000,2,5
143,0.140,233,1077,3.086,4.337,0.430,0.415,172.653,80.521,201302.000,2,5
144,0.144,248,1073,2.988,6.512,0.435,0.422,117.793,81.485,203712.000,2,5
145,0.132,254,1025,4.456,7.671,0.422,0.398,171.042,73.578,183944.000,2,5
146,0.138,260,942,1.762,8.182,0.425,0.415,10.291,73.979,184947.000,2,5
147,0.052,564,1796,1.385,0.227,0.286,0.232,4.215,59.932,149830.000,3,5
148,0.110,645,3090,1.741,0.832,0.393,0.357,69.725,173.153,432883.000,3,5
149,0.106,582,3015,4.686,1.123,0.387,0.349,86.448,165.026,412565.000,3,5
150,0.111,605,2956,0.858,2.927,0.382,0.371,112.675,168.883,422208.000,3,5
151,0.096,616,2623,6.633,3.127,0.365,0.334,74.681,135.552,338881.000,3,5
152,0.100,672,2753,5.460,4.039,0.385,0.332,106.513,149.614,374034.000,3,5
153,0.113,611,3265,3.125,4.345,0.403,0.358,80.193,184.144,460359.000,3,5
154,0.102,670,2734,3.028,6.516,0.378,0.345,76.789,150.423,376058.000,3,5
155,0.093,654,2515,4.486,7.677,0.362,0.326,101.373,129.211,323027.000,3,5
156,0.091,682,2245,1.793,8.183,0.348,0.332,163.280,119.926,299816.000,3,5
157,0.130,4605,15132,2.502,0.214,0.497,0.333,2.092,1281.673,3204182.000,1,6
158,0.192,5000,15142,1.431,0.322,0.542,0.450,4.127,2006.134,5015336.000,1,6
159,0.244,5272,15144,1.778,0.971,0.581,0.535,25.985,2712.913,6782283.000,1,6
160,0.226,5315,15143,4.699,1.265,0.561,0.512,15.596,2508.883,6272208.000,1,6
161,0.258,5133,15143,0.895,3.067,0.604,0.543,21.738,2945.301,7363253.000,1,6
162,0.206,5429,15140,6.647,3.242,0.537,0.489,26.887,2145.614,5364036.000,1,6
163,0.230,5343,15142,5.467,4.157,0.563,0.519,8.288,2520.618,6301544.000,1,6
164,0.234,5448,15143,3.152,4.479,0.566,0.526,25.548,2612.046,6530116.000,1,6
165,0.229,5307,15143,3.068,6.675,0.563,0.518,16.238,2518.854,6297136.000,1,6
166,0.230,5468,15144,4.508,7.827,0.569,0.514,12.412,2552.040,6380099.000,1,6
167,0.246,5441,15143,1.812,8.341,0.590,0.532,13.312,2768.177,6920443.000,1,6
168,0.095,225,870,1.367,0.219,0.393,0.308,0.436,49.431,123577.000,2,6
169,0.010,335,412,2.450,0.125,0.149,0.082,0.000,3.492,8731.000,2,6
170,0.148,231,1086,1.716,0.837,0.442,0.426,78.006,88.089,220223.000,2,6
171,0.138,252,1065,4.658,1.126,0.427,0.413,81.326,80.691,201727.000,2,6
172,0.136,249,952,0.834,2.938,0.434,0.398,24.356,74.876,187189.000,2,6
173,0.134,243,1074,6.613,3.120,0.423,0.405,39.356,78.898,197244.000,2,6
174,0.134,224,1042,5.425,4.032,0.429,0.397,165.364,76.600,191500.000,2,6
175,0.140,236,1113,3.098,4.355,0.427,0.418,84.650,83.710,209275.000,2,6
176,0.140,262,1095,3.005,6.558,0.426,0.417,152.795,83.392,208481.000,2,6
177,0.135,249,1028,4.465,7.717,0.415,0.413,38.985,77.619,194047.000,2,6
178,0.137,276,1011,1.761,8.235,0.420,0.415,33.914,77.552,193881.000,2,6
179,0.065,577,2134,1.404,0.208,0.305,0.272,0.116,83.142,207855.000,3,6
180,0.108,612,3127,1.765,0.835,0.395,0.349,79.460,175.331,438328.000,3,6
181,0.104,578,3023,4.697,1.124,0.374,0.355,68.910,164.153,410383.000,3,6
182,0.110,642,2986,0.875,2.932,0.388,0.361,97.345,172.459,431148.000,3,6
183,0.092,596,2657,6.649,3.132,0.357,0.328,60.911,134.366,335915.000,3,6
184,0.098,586,2795,5.476,4.062,0.377,0.333,100.152,148.286,370714.000,3,6
185,0.114,620,3312,3.141,4.366,0.405,0.359,80.124,187.237,468092.000,3,6
186,0.104,648,2779,3.044,6.555,0.386,0.343,76.592,155.965,389912.000,3,6
187,0.093,621,2530,4.497,7.714,0.357,0.331,96.269,133.189,332973.000,3,6
188,0.092,693,2337,1.788,8.230,0.347,0.339,147.626,125.056,312639.000,3,6
189,0.139,3415,13072,2.469,0.287,0.519,0.341,6.835,1098.826,2747066.000,1,7
190,0.228,3714,15144,1.403,0.393,0.598,0.485,12.970,2086.780,5216951.000,1,7
191,0.302,4658,15143,1.760,1.015,0.665,0.579,41.061,2951.778,7379445.000,1,7
192,0.281,4629,15141,4.686,1.309,0.630,0.567,34.016,2779.241,6948102.000,1,7
193,0.306,4475,15143,0.892,3.116,0.680,0.572,37.471,3090.806,7727014.000,1,7
194,0.259,4729,15141,6.648,3.291,0.627,0.526,35.198,2335.657,5839143.000,1,7
195,0.289,4694,15142,5.464,4.202,0.656,0.561,35.362,2745.378,6863446.000,1,7
196,0.283,4525,15142,3.146,4.527,0.636,0.567,36.066,2798.361,6995902.000,1,7
197,0.282,4578,15143,3.056,6.704,0.641,0.560,34.574,2723.895,6809738.000,1,7
198,0.293,4577,15142,4.506,7.859,0.654,0.571,34.521,2827.208,7068019.000,1,7
199,0.301,4684,15143,1.812,8.380,0.667,0.574,35.708,2977.671,7444177.000,1,7
200,0.084,218,819,1.350,0.270,0.390,0.273,178.396,40.411,101027.000,2,7
201,0.153,245,1144,1.700,0.873,0.443,0.439,11.927,90.407,226018.000,2,7
202,0.141,248,1087,4.641,1.159,0.429,0.418,79.642,82.690,206725.000,2,7
203,0.140,267,996,0.829,2.982,0.438,0.408,19.309,77.216,193040.000,2,7
204,0.140,255,1073,6.608,3.160,0.429,0.415,4.413,80.438,201095.000,2,7
205,0.139,237,1071,5.417,4.070,0.431,0.411,117.326,79.992,199980.000,2,7
206,0.144,253,1122,3.091,4.394,0.429,0.428,71.712,85.413,213532.000,2,7
207,0.144,253,1121,2.992,6.574,0.436,0.422,126.400,85.336,213341.000,2,7
208,0.137,252,1040,4.459,7.741,0.424,0.412,155.397,78.794,196986.000,2,7
209,0.140,262,1010,1.757,8.258,0.428,0.418,14.531,79.189,197973.000,2,7
210,0.053,633,1927,1.382,0.265,0.289,0.233,0.325,63.669,159173.000,3,7
211,0.110,616,3167,1.745,0.871,0.398,0.354,78.340,178.382,445954.000,3,7
212,0.108,593,3064,4.686,1.165,0.387,0.354,78.842,169.437,423593.000,3,7
213,0.112,637,2991,0.865,2.972,0.389,0.365,104.248,172.617,431542.000,3,7
214,0.093,631,2675,6.642,3.170,0.356,0.332,75.961,136.138,340345.000,3,7
215,0.104,672,2806,5.464,4.090,0.393,0.338,97.527,156.702,391756.000,3,7
216,0.113,594,3352,3.129,4.402,0.409,0.351,85.468,186.782,466956.000,3,7
217,0.104,662,2792,3.030,6.579,0.377,0.351,89.569,156.240,390599.000,3,7
218,0.095,664,2541,4.492,7.747,0.353,0.344,99.225,135.056,337641.000,3,7
219,0.091,705,2352,1.789,8.260,0.345,0.336,174.659,124.800,312000.000,3,7
220,0.145,4748,13759,2.488,0.270,0.486,0.381,17.408,1288.360,3220900.000,1,8
221,0.203,5004,15141,1.415,0.394,0.552,0.469,45.051,1943.783,4859458.000,1,8
222,0.238,5396,15143,1.768,1.045,0.608,0.497,51.097,2383.039,5957598.000,1,8
223,0.224,5172,15143,4.684,1.339,0.570,0.499,47.365,2272.270,5680674.000,1,8
224,0.246,5370,15142,0.879,3.136,0.625,0.501,46.368,2564.506,6411264.000,1,8
225,0.201,5186,14833,6.639,3.306,0.562,0.455,53.235,1866.405,4666012.000,1,8
226,0.215,5125,15141,5.460,4.218,0.572,0.478,47.009,2088.587,5221468.000,1,8
227,0.218,5243,15142,3.140,4.537,0.566,0.491,46.032,2220.242,5550605.000,1,8
228,0.222,5237,15142,3.061,6.706,0.577,0.489,50.795,2192.282,5480704.000,1,8
229,0.233,5299,15142,4.511,7.860,0.596,0.499,52.480,2338.306,5845764.000,1,8
230,0.236,5234,15142,1.814,8.374,0.602,0.498,45.681,2387.632,5969079.000,1,8
231,0.044,274,627,2.441,0.167,0.295,0.192,0.990,18.883,47207.000,2,8
232,0.111,241,999,1.356,0.259,0.416,0.339,178.860,62.903,157257.000,2,8
233,0.142,260,1099,1.699,0.902,0.430,0.421,87.684,86.548,216371.000,2,8
234,0.132,261,1069,4.641,1.189,0.415,0.404,170.455,79.102,197754.000,2,8
235,0.131,270,976,0.807,2.990,0.426,0.391,9.863,73.367,183417.000,2,8
236,0.134,262,1076,6.585,3.165,0.418,0.408,31.757,78.618,196546.000,2,8
237,0.131,260,1054,5.401,4.078,0.420,0.398,143.177,76.136,190340.000,2,8
238,0.130,269,1104,3.077,4.393,0.420,0.395,163.081,78.378,195944.000,2,8
239,0.138,264,1091,2.992,6.568,0.428,0.409,134.510,81.981,204953.000,2,8
240,0.131,286,1030,4.455,7.724,0.412,0.406,155.162,76.940,192350.000,2,8
241,0.132,276,981,1.753,8.247,0.426,0.395,9.688,75.853,189633.000,2,8
242,0.022,736,1277,2.466,0.151,0.194,0.147,11.485,22.562,56404.000,3,8
243,0.079,681,2467,1.388,0.249,0.324,0.311,5.563,111.593,278982.000,3,8
244,0.108,607,3146,1.741,0.893,0.390,0.354,83.872,175.315,438287.000,3,8
245,0.102,584,3045,4.682,1.188,0.365,0.356,77.685,164.136,410341.000,3,8
246,0.105,677,2978,0.849,2.981,0.377,0.355,99.920,165.555,413888.000,3,8
247,0.093,675,2652,6.622,3.178,0.366,0.324,69.016,136.376,340939.000,3,8
248,0.100,687,2813,5.447,4.098,0.386,0.330,104.682,151.215,378038.000,3,8
249,0.106,636,3345,3.113,4.407,0.390,0.346,79.617,177.120,442801.000,3,8
250,0.102,628,2797,3.029,6.573,0.373,0.347,80.742,153.049,382623.000,3,8
251,0.094,652,2543,4.485,7.729,0.358,0.332,95.545,134.292,335731.000,3,8
252,0.088,680,2348,1.787,8.244,0.343,0.328,151.191,122.632,306581.000,3,8
253,0.144,4187,12187,2.500,0.290,0.462,0.397,23.606,1110.798,2776994.000,1,9
254,0.199,4457,13302,1.422,0.404,0.539,0.471,56.877,1636.184,4090460.000,1,9
255,0.238,4622,15142,1.774,1.043,0.609,0.497,70.248,2091.823,5229557.000,1,9
256,0.212,4583,14100,4.703,1.328,0.568,0.475,64.504,1781.986,4454966.000,1,9
257,0.243,4741,15141,0.905,3.123,0.630,0.491,62.334,2175.682,5439204.000,1,9
258,0.213,4684,13565,6.666,3.297,0.567,0.478,63.545,1757.997,4394992.000,1,9
259,0.230,4748,14015,5.487,4.210,0.608,0.482,70.786,1938.092,4845230.000,1,9
260,0.218,4465,14468,3.166,4.522,0.579,0.478,64.764,1849.581,4623953.000,1,9
261,0.224,4663,14565,3.076,6.732,0.588,0.485,69.192,1915.581,4788953.000,1,9
262,0.230,4357,14777,4.527,7.885,0.598,0.490,66.625,1989.066,4972664.000,1,9
263,0.236,4429,14791,1.827,8.397,0.611,0.491,65.261,2031.553,5078883.000,1,9
264,0.040,205,538,2.429,0.171,0.260,0.196,1.815,15.420,38551.000,2,9
265,0.107,226,996,1.348,0.257,0.414,0.330,0.189,58.181,145452.000,2,9
266,0.140,245,1096,1.696,0.881,0.427,0.416,15.657,81.968,204919.000,2,9
267,0.137,243,1067,4.643,1.166,0.422,0.413,95.103,79.308,198270.000,2,9
268,0.133,256,975,0.826,2.970,0.433,0.391,15.300,72.794,181986.000,2,9
269,0.129,243,1044,6.600,3.149,0.417,0.393,25.094,74.848,187121.000,2,9
270,0.128,260,1033,5.418,4.049,0.420,0.389,153.200,73.131,182828.000,2,9
271,0.134,246,1089,3.096,4.376,0.417,0.409,133.775,79.776,199440.000,2,9
272,0.136,242,1085,3.005,6.580,0.427,0.407,140.034,80.445,201113.000,2,9
273,0.135,240,1059,4.461,7.740,0.416,0.413,109.776,76.756,191890.000,2,9
274,0.131,247,1014,1.758,8.266,0.416,0.401,17.924,73.743,184357.000,2,9
275,0.076,541,2418,1.384,0.249,0.322,0.301,8.121,103.011,257528.000,3,9
276,0.014,735,1161,2.458,0.155,0.169,0.105,177.478,13.482,33705.000,3,9
277,0.108,633,3139,1.740,0.876,0.391,0.352,71.280,170.515,426288.000,3,9
278,0.103,616,3027,4.678,1.166,0.376,0.348,89.627,162.652,406629.000,3,9
279,0.108,651,2966,0.860,2.963,0.374,0.366,121.537,167.112,417779.000,3,9
280,0.092,622,2660,6.641,3.158,0.363,0.322,68.958,133.075,332688.000,3,9
281,0.101,636,2799,5.464,4.072,0.382,0.337,102.501,150.370,375924.000,3,9
282,0.112,575,3288,3.132,4.381,0.406,0.350,84.041,183.500,458751.000,3,9
283,0.099,532,2763,3.038,6.583,0.378,0.334,82.425,149.697,374242.000,3,9
284,0.093,670,2555,4.492,7.749,0.351,0.337,92.326,131.424,328559.000,3,9
285,0.090,571,2355,1.787,8.258,0.344,0.335,142.534,123.406,308515.000,3,9
286,0.144,3826,12954,2.526,0.281,0.437,0.420,15.773,1152.415,2881037.000,1,10
287,0.176,4359,12056,1.437,0.409,0.515,0.436,86.355,1364.584,3411460.000,1,10
288,0.213,4451,15093,1.788,1.060,0.571,0.475,86.226,1856.829,4642072.000,1,10
289,0.162,4630,11087,4.721,1.344,0.497,0.415,82.302,1204.264,3010659.000,1,10
290,0.219,4519,14786,0.910,3.129,0.587,0.474,80.003,1890.576,4726439.000,1,10
291,0.192,4613,13380,6.664,3.306,0.539,0.452,84.879,1575.181,3937953.000,1,10
292,0.207,4532,14356,5.487,4.234,0.577,0.457,88.797,1766.368,4415920.000,1,10
293,0.176,4552,12225,3.165,4.550,0.521,0.429,84.467,1377.852,3444631.000,1,10
294,0.194,4579,13475,3.080,6.730,0.553,0.446,89.684,1585.716,3964291.000,1,10
295,0.203,4556,13636,4.543,7.874,0.573,0.451,90.709,1683.007,4207517.000,1,10
296,0.200,4591,13454,1.849,8.393,0.563,0.453,84.853,1649.868,4124669.000,1,10
297,0.048,239,610,2.437,0.158,0.295,0.207,4.820,20.078,50196.000,2,10
298,0.109,246,991,1.356,0.256,0.413,0.337,177.863,60.233,150583.000,2,10
299,0.141,246,1095,1.704,0.887,0.425,0.423,176.741,82.774,206936.000,2,10
300,0.133,230,1077,4.647,1.177,0.413,0.409,66.061,76.336,190839.000,2,10
301,0.128,273,944,0.821,2.970,0.422,0.385,25.729,69.655,174138.000,2,10
302,0.129,256,1053,6.598,3.150,0.415,0.395,21.612,73.557,183893.000,2,10
303,0.129,240,1024,5.412,4.063,0.419,0.392,123.823,73.116,182789.000,2,10
304,0.133,242,1079,3.086,4.395,0.416,0.408,117.851,78.029,195073.000,2,10
305,0.134,242,1099,2.998,6.574,0.424,0.402,122.758,77.933,194833.000,2,10
306,0.130,253,1018,4.463,7.723,0.410,0.405,34.912,73.826,184566.000,2,10
307,0.127,252,1002,1.764,8.244,0.415,0.390,10.553,71.380,178450.000,2,10
308,0.025,698,1349,2.464,0.147,0.210,0.153,2.828,26.405,66013.000,3,10
309,0.078,620,2490,1.387,0.248,0.324,0.308,10.561,109.117,272792.000,3,10
310,0.108,595,3104,1.749,0.886,0.391,0.350,73.272,172.552,431380.000,3,10
311,0.102,637,3013,4.689,1.175,0.370,0.349,76.060,160.301,400752.000,3,10
312,0.107,616,2964,0.858,2.958,0.372,0.365,121.081,165.724,414310.000,3,10
313,0.093,659,2649,6.634,3.160,0.369,0.320,76.073,135.500,338749.000,3,10
314,0.100,669,2776,5.458,4.087,0.386,0.328,106.247,149.490,373726.000,3,10
315,0.107,616,3295,3.125,4.401,0.385,0.353,78.707,179.000,447500.000,3,10
316,0.100,664,2762,3.033,6.577,0.372,0.342,83.425,150.101,375252.000,3,10
317,0.090,636,2511,4.495,7.729,0.355,0.322,97.400,128.462,321155.000,3,10
318,0.090,706,2340,1.798,8.247,0.343,0.333,107.265,121.527,303817.000,3,10
